maintainance_id,maintainance_date,plant_id,machine_id,maintenance_type,repair_time_minutes,maintenance_cost,technician_name
1,06-06-2025,3,28,Preventive,24,8798,Paxton Gethings
2,1-20-2026,6,6,Emergency,115,18867,Lillian Hand
3,10-01-2025,2,37,Corrective,100,17902,
4,7-28-2025,6,3,Preventive,23,9180,Bernadine Poff
5,08-07-2025,4,9,Preventive,79,14372,Xylia Dimitrescu
6,6-30-2025,2,13,Inspection,116,17802,Stephen Dibb
7,10-10-2025,2,31,Preventive,118,6635,Friedrich Cottom
8,09-05-2025,6,33,Emergency,116,8581,Farley Tallet
9,04-05-2025,5,28,Preventive,28,9305,Rube Brownsey
10,8-30-2025,1,29,Inspection,55,15801,Milty Brinsden
11,6-14-2025,5,45,Inspection,83,4699,Fernande Cloutt
12,11-03-2025,4,10,Corrective,60,3090,Claus Smallacombe
13,02-11-2026,3,26,Inspection,37,2372,Humberto Nealand
14,3-21-2025,6,24,Inspection,58,14037,Melisande Gilardi
15,12-19-2025,1,10,Inspection,58,4763,
16,9-20-2025,6,12,Preventive,39,18001,Tymothy Hamor
17,8-26-2025,3,43,Inspection,38,6588,Rosette Mulliner
18,4-29-2025,6,6,Preventive,38,13275,Davy Meechan
19,03-04-2025,1,38,Emergency,92,12824,Amby Astin
20,12-25-2025,3,2,Inspection,96,19229,Silvana Jelfs
21,7-24-2025,6,9,Preventive,118,7185,Jory Kersey
22,4-21-2025,5,3,Emergency,97,10835,Charyl Brock
23,7-14-2025,3,35,Emergency,60,13170,Addia Gransden
24,11-23-2025,1,39,Preventive,62,11375,Timothea Nunes Nabarro
25,11-28-2025,2,7,Inspection,81,7368,Erinna Casbon
26,08-08-2025,4,13,Corrective,55,4655,Josephina MacKeller
27,9-16-2025,6,5,Corrective,110,19811,Ennis Gleave
28,6-16-2025,6,21,Emergency,26,11461,Pier Goudman
29,11-26-2025,6,38,Preventive,79,7077,Sunshine Brahmer
30,9-29-2025,6,38,Corrective,56,10505,Darrick Websdale
31,6-20-2025,1,42,Inspection,72,15360,Odelinda Burnhard
32,07-03-2025,4,10,Emergency,39,19627,Rivi Banstead
33,05-03-2025,3,18,Corrective,82,14150,Mariele Hourston
34,5-14-2025,5,36,Corrective,90,10726,Javier Pleager
35,8-22-2025,2,12,Inspection,34,9883,Aloysius Swaysland
36,08-05-2025,1,8,Emergency,29,17269,Elsey Mote
37,03-10-2025,3,25,Preventive,94,5532,Ryley Chaney
38,3-19-2025,5,4,Corrective,64,10007,Annette Willshee
39,8-13-2025,5,10,Preventive,102,14972,Flossy Eglise
40,05-03-2025,4,16,Emergency,23,12352,Werner Robeson
41,1-27-2026,6,4,Emergency,120,4490,King Killimister
42,09-09-2025,5,24,Preventive,32,9858,
43,08-10-2025,3,20,Inspection,21,5756,Cosimo Lashmore
44,2-25-2025,1,24,Corrective,49,17786,Craggy Eddleston
45,5-31-2025,3,42,Inspection,47,7853,Hillery Poetz
46,06-04-2025,1,45,Preventive,72,19806,
47,2-20-2026,2,43,Inspection,120,17445,Ardelle Ruprecht
48,12-15-2025,2,24,Preventive,80,15212,Salaidh Heinish
49,1-18-2026,2,25,Inspection,110,5515,Ardis MacKissack
50,01-04-2026,5,15,Preventive,113,18646,Kimmie Empleton
51,9-22-2025,5,6,Emergency,76,1810,Lothaire Stieger
52,04-10-2025,5,30,Corrective,92,16939,Georgy Morford
53,01-08-2026,5,5,Inspection,108,12528,Zorina Cunliffe
54,06-11-2025,1,36,Emergency,70,4496,Lenna Gehring
55,06-12-2025,6,1,Emergency,63,4083,
56,1-20-2026,3,35,Preventive,74,19340,Haskel Marshland
57,4-29-2025,6,16,Emergency,110,14818,Donna Dorr
58,12-07-2025,6,28,Inspection,85,6360,Brina Squibe
59,3-14-2025,5,44,Emergency,68,2145,Charissa McGettrick
60,5-19-2025,1,36,Emergency,36,11526,Keary Hawke
61,03-06-2025,1,35,Emergency,24,18925,Vaclav Filippi
62,03-09-2025,2,3,Preventive,93,16199,Tasha Scouler
63,5-28-2025,2,10,Emergency,95,18822,Gene Common
64,8-25-2025,5,31,Preventive,102,3293,Korry Crawley
65,11-03-2025,6,41,Emergency,64,11949,Roi Aberdein
66,5-31-2025,3,11,Inspection,23,5237,Cross Payne
67,2-28-2025,6,13,Corrective,45,4172,Haily Siflet
68,2-19-2026,2,18,Inspection,92,8394,Kariotta McDermott
69,01-07-2026,3,19,Emergency,93,5535,Angie Tennewell
70,5-30-2025,5,11,Emergency,64,19317,Chrisy Cansdale
71,7-14-2025,1,3,Inspection,79,16925,Maryanna Lovegrove
72,9-20-2025,5,19,Corrective,39,6991,Keith MacGovern
73,05-07-2025,4,15,Emergency,102,4932,Carie Stiger
74,10-16-2025,1,6,Inspection,106,11315,Ella McGahy
75,1-18-2026,3,43,Inspection,60,7345,
76,4-21-2025,3,42,Emergency,105,9003,Joly Catlin
77,08-06-2025,5,44,Corrective,42,12679,Gordie Dady
78,01-08-2026,6,20,Emergency,27,3365,Charlton Rippingall
79,4-13-2025,6,18,Corrective,50,12150,Alyosha Forbear
80,3-31-2025,2,35,Corrective,77,17255,Lucas Behnecken
81,11-20-2025,3,30,Preventive,99,4653,Ed Boyen
82,11-26-2025,4,42,Preventive,28,3708,
83,12-04-2025,1,18,Corrective,113,9375,Kalil Thouless
84,9-19-2025,3,4,Inspection,20,3052,Morgen Godding
85,4-28-2025,5,37,Corrective,67,10497,Tamarah Lupson
86,8-18-2025,2,35,Inspection,72,10011,Thane Hampshaw
87,04-02-2025,6,19,Corrective,66,1918,Maximilianus Vanyushkin
88,12-17-2025,3,29,Inspection,82,10779,Marie-ann Cockings
89,08-06-2025,3,41,Preventive,25,5358,Jan Orviss
90,12-25-2025,5,31,Inspection,103,11459,
91,3-28-2025,6,2,Emergency,57,7073,
92,1-20-2026,2,20,Emergency,54,1794,Meghan Dunford
93,08-08-2025,3,11,Inspection,20,19697,Ag Campany
94,3-16-2025,1,4,Preventive,103,2177,Effie Ledley
95,11-15-2025,2,33,Emergency,56,12424,Jeromy Strooband
96,07-08-2025,4,5,Corrective,97,4724,Barbi Delahunty
97,7-23-2025,6,27,Inspection,80,16285,
98,03-03-2025,3,4,Emergency,99,8408,Timi Le Huquet
99,5-17-2025,5,11,Emergency,105,7175,Derwin Spikins
100,6-15-2025,4,27,Emergency,52,17468,Kikelia Rodinger
101,07-02-2025,6,42,Inspection,119,4470,
102,11-07-2025,2,26,Corrective,69,4538,
103,7-22-2025,3,26,Inspection,118,6781,Jeanne Crookshank
104,8-31-2025,4,45,Corrective,96,17051,Emlyn Potzold
105,7-25-2025,1,30,Corrective,94,4099,Robinia McQuorkel
106,5-20-2025,6,43,Emergency,58,3682,Osbourn Beacock
107,12-24-2025,2,37,Inspection,78,7452,Angie Heads
108,6-29-2025,1,40,Corrective,110,12045,Raymond Bullock
109,6-25-2025,5,23,Preventive,44,18160,
110,7-23-2025,2,9,Corrective,40,2835,Hana Nobbs
111,04-08-2025,5,7,Inspection,87,1779,Killie McMains
112,8-15-2025,3,27,Emergency,53,5044,Mohandis Theseira
113,7-27-2025,5,35,Inspection,82,10868,Tiler McElhargy
114,6-14-2025,4,45,Preventive,43,12130,Carmine Varndall
115,3-28-2025,3,3,Corrective,53,19502,Marya Waddingham
116,1-20-2026,5,9,Inspection,59,17067,Carma Godsell
117,6-15-2025,2,21,Preventive,103,2331,Towney Karpushkin
118,04-02-2025,5,25,Corrective,107,15492,Dana Pearse
119,09-02-2025,2,18,Corrective,108,1665,Eloisa Grishagin
120,12-23-2025,5,27,Corrective,56,14687,
121,02-04-2026,5,25,Emergency,61,2270,Claudina Doddemeede
122,9-24-2025,2,45,Inspection,80,6142,Jennee Kemson
123,8-19-2025,3,18,Inspection,78,7046,Lyndsie Kimbell
124,4-13-2025,5,24,Corrective,53,8969,Evy Clayton
125,8-30-2025,1,33,Emergency,100,4110,Nesta Lejeune
126,08-01-2025,4,23,Inspection,116,15517,Edee Bagge
127,10-20-2025,5,14,Preventive,46,4419,
128,09-08-2025,4,5,Inspection,31,6507,Wallas Lippiett
129,6-15-2025,3,11,Inspection,110,18642,Amandi Pristnor
130,10-23-2025,2,20,Emergency,116,14642,Mace Smowton
131,8-31-2025,1,37,Corrective,56,2616,Web enzley
132,02-06-2026,3,1,Emergency,22,7444,Janet Board
133,06-04-2025,1,27,Preventive,59,8757,Isador McGivena
134,4-13-2025,1,7,Inspection,106,14474,Michaella Magson
135,04-06-2025,1,36,Emergency,100,19569,Lorens Tetsall
136,3-31-2025,2,14,Emergency,24,15787,Tito Deeming
137,4-27-2025,6,24,Preventive,77,3168,Wilmer Walburn
138,03-04-2025,4,45,Emergency,110,18135,Orv Emptage
139,12-31-2025,4,7,Corrective,23,3033,Bar Brooking
140,08-08-2025,6,8,Emergency,81,9337,Carlyn Herreran
141,11-05-2025,6,14,Inspection,72,3528,Greggory Fallens
142,11-21-2025,6,19,Emergency,86,2007,Alexei Moysey
143,10-01-2025,1,24,Emergency,100,16945,Fanechka Wagon
144,5-27-2025,3,23,Corrective,26,4911,
145,8-27-2025,4,29,Corrective,114,6759,
146,1-24-2026,1,14,Corrective,102,14965,
147,10-02-2025,6,19,Corrective,79,9365,Dallas Hagergham
148,11-12-2025,3,10,Inspection,44,18043,Yorke Joiris
149,5-30-2025,4,39,Inspection,33,14304,Benjy Studholme
150,4-24-2025,5,36,Corrective,65,18501,Kora Geard
151,11-26-2025,5,38,Corrective,89,19138,Camey Dripps
152,10-26-2025,4,36,Corrective,119,17921,Howard Gaitley
153,1-13-2026,2,45,Inspection,89,6152,Ramsey Meakes
154,01-05-2026,3,40,Corrective,31,16792,Darline Strettle
155,12-16-2025,5,20,Corrective,104,11997,Ingeborg Blogg
156,12-24-2025,1,16,Emergency,49,16423,Daile Adamsson
157,8-16-2025,3,36,Inspection,39,2037,Sander Ferreri
158,5-22-2025,2,40,Inspection,95,5675,Audrye Ruben
159,11-05-2025,2,18,Inspection,42,14560,Adoree Huske
160,05-03-2025,3,40,Corrective,86,19435,Katerine Sebright
161,8-29-2025,4,37,Corrective,21,15462,Royall Ivett
162,7-16-2025,3,40,Corrective,42,14762,Velvet Goch
163,6-25-2025,2,32,Inspection,99,2236,Alex Treswell
164,4-26-2025,2,30,Inspection,116,2185,Silvie Jean
165,12-04-2025,6,43,Emergency,117,15216,Robyn Huntly
166,02-06-2026,4,43,Preventive,58,6948,Amelita Jeannaud
167,8-21-2025,4,17,Preventive,111,1982,Nettle Portam
168,12-27-2025,6,2,Corrective,57,15831,Sher Thornally
169,11-10-2025,3,25,Preventive,62,17270,
170,09-09-2025,3,28,Preventive,88,12465,Jeremiah Burnyeat
171,7-22-2025,6,5,Inspection,23,7309,Ward Byrnes
172,03-12-2025,1,21,Corrective,113,10478,Kaila Karlqvist
173,10-29-2025,5,19,Emergency,110,8967,Levi Joanic
174,02-06-2026,1,29,Corrective,45,15806,Simonette Hekkert
175,07-09-2025,3,38,Preventive,92,19940,Kary D'Elias
176,4-17-2025,3,43,Emergency,54,9194,Christine Swinglehurst
177,2-17-2026,2,44,Emergency,25,4643,Wandie Fort
178,09-10-2025,6,12,Corrective,73,13162,Myrna Luttger
179,1-13-2026,3,1,Preventive,63,14679,Ayn Paler
180,5-20-2025,2,13,Preventive,91,6821,Kelila Tindle
181,2-24-2025,2,14,Corrective,55,10494,Olav Guiver
182,4-21-2025,4,33,Inspection,101,3306,Forrester Sheehan
183,4-23-2025,3,31,Corrective,47,5313,Brandise Cullum
184,7-23-2025,4,38,Emergency,36,9386,Dari Yurkin
185,6-16-2025,5,17,Preventive,70,12301,
186,02-07-2026,6,33,Corrective,46,4266,Ingrid Stiegar
187,11-21-2025,3,26,Corrective,57,8120,Kathi O'Fallone
188,11-07-2025,1,31,Emergency,61,5399,Dani Van Hove
189,2-25-2025,3,22,Inspection,38,10446,Matteo Aggiss
190,06-03-2025,1,23,Inspection,55,19522,Rodolph Bampkin
191,4-15-2025,6,23,Inspection,114,8722,Jeramie Jaggard
192,02-06-2026,2,4,Emergency,55,6494,Hobey Cuffe
193,05-02-2025,6,4,Corrective,86,7839,Evelina Turbitt
194,12-16-2025,1,44,Preventive,80,14821,Devlen Roizin
195,03-05-2025,4,33,Emergency,57,13926,Lincoln Dadley
196,10-02-2025,6,36,Preventive,86,19706,Chrissie Deverale
197,05-06-2025,5,5,Inspection,53,8291,Yvor Dwelley
198,8-30-2025,5,14,Inspection,85,13451,Meridith Phil
199,07-11-2025,5,40,Preventive,116,17299,Joann Wailes
200,12-27-2025,5,26,Inspection,75,4807,
201,04-06-2025,6,12,Preventive,80,11413,Hermy Maylard
202,11-22-2025,2,11,Inspection,55,11649,Bill Lacotte
203,12-17-2025,5,2,Preventive,53,19915,Alana Drissell
204,01-07-2026,2,31,Emergency,21,9808,Devora Meekins
205,06-03-2025,2,7,Inspection,32,6197,Lynnell Dawtre
206,1-25-2026,5,15,Emergency,81,13822,Walliw Duffree
207,12-13-2025,5,10,Preventive,105,10566,Amitie Bytheway
208,10-20-2025,1,7,Emergency,108,6212,Hillery Kegley
209,10-19-2025,1,22,Emergency,114,16105,Farlie Cansdall
210,05-05-2025,2,14,Preventive,86,9218,Elias Briat
211,06-06-2025,2,28,Preventive,42,14522,Verine Paulino
212,06-06-2025,6,29,Emergency,32,9725,Mathew Jiroutka
213,1-31-2026,3,30,Preventive,25,7244,Desirae Frizell
214,1-30-2026,5,18,Emergency,65,11592,
215,11-20-2025,6,34,Inspection,87,18502,Doy Stanford
216,07-12-2025,6,44,Emergency,82,17281,Ambros Berringer
217,4-16-2025,4,39,Emergency,38,2587,Bellanca Knoles
218,7-19-2025,4,2,Inspection,92,11057,Gaven Dimitru
219,08-12-2025,5,5,Inspection,49,13452,Adler Todarello
220,1-17-2026,3,12,Emergency,62,11963,Rivy Brandt
221,02-10-2026,5,14,Emergency,24,9816,Chiquita Harbour
222,06-05-2025,2,18,Preventive,116,17082,Nicky Arrigo
223,06-04-2025,5,30,Inspection,42,6983,Babette Strippel
224,11-19-2025,6,6,Corrective,65,10797,Raimund Kull
225,12-23-2025,1,7,Corrective,20,4276,Darcey Bednall
226,04-11-2025,1,14,Emergency,32,19817,Eugenia Kordovani
227,12-25-2025,4,31,Inspection,42,18932,Audry Tume
228,6-25-2025,5,25,Preventive,72,19513,Jan Cabrer
229,03-01-2025,4,25,Emergency,105,16605,Amabel Catton
230,7-30-2025,6,25,Inspection,44,9543,
231,6-26-2025,2,6,Emergency,62,4457,Felic MattiCCI
232,12-05-2025,2,33,Inspection,64,6276,Lew Hestrop
233,06-04-2025,1,14,Emergency,72,6608,Adrianna Ortiger
234,6-29-2025,2,14,Inspection,106,4818,Fonsie Faier
235,10-05-2025,1,26,Corrective,112,10657,Charin Reichartz
236,4-15-2025,4,3,Inspection,99,18031,Jemima Millom
237,7-26-2025,2,34,Emergency,65,16546,Lorianna Glencrash
238,03-04-2025,5,4,Inspection,40,2497,Lenka Hallward
239,05-09-2025,2,41,Corrective,71,16227,Skelly Morena
240,02-01-2026,4,45,Corrective,90,18069,Darleen Hallewell
241,3-20-2025,2,26,Inspection,23,2986,Daphene Cottrell
242,06-08-2025,1,25,Inspection,74,11267,Sayers Meatcher
243,12-03-2025,3,21,Preventive,46,9959,Padraic Cole
244,10-25-2025,2,9,Emergency,31,2544,
245,8-17-2025,4,10,Preventive,113,18803,Rusty Hembling
246,7-29-2025,5,28,Emergency,115,19060,Eileen Castella
247,5-23-2025,4,2,Preventive,105,8898,Johann Reddick
248,3-14-2025,4,38,Inspection,104,14352,Conrado Rignoldes
249,11-13-2025,3,8,Emergency,28,9109,Ewen Pattington
250,2-16-2026,1,23,Preventive,85,5926,
251,07-12-2025,1,17,Emergency,28,4901,Evelyn McNiven
252,3-17-2025,6,7,Emergency,76,13959,Norry Foden
253,7-17-2025,4,17,Emergency,71,16660,Lisetta McCord
254,05-11-2025,5,31,Preventive,27,17626,Peyter Nehl
255,9-29-2025,3,29,Preventive,31,7372,Nickie Ferrers
256,08-09-2025,5,22,Corrective,96,14130,Fransisco Sanchis
257,2-16-2026,5,19,Corrective,104,10274,Osmund Salliere
258,11-24-2025,6,13,Corrective,45,17492,Dana Batterham
259,11-22-2025,3,35,Preventive,106,12487,
260,5-24-2025,1,8,Preventive,58,9412,Analise Ashall
261,1-15-2026,2,33,Corrective,102,17463,Keelby Boldt
262,07-03-2025,3,32,Emergency,31,10630,Munmro Riseborough
263,2-23-2025,2,11,Inspection,98,6999,Sven McCartney
264,5-19-2025,3,45,Inspection,110,13562,Gennifer Mardall
265,09-03-2025,6,21,Corrective,29,13520,Barry Hiom
266,5-29-2025,1,30,Inspection,70,11822,Denver Sans
267,04-08-2025,6,23,Inspection,49,4356,Leisha Cowburn
268,12-11-2025,5,26,Emergency,34,2831,Edsel Dufour
269,10-15-2025,5,33,Emergency,68,16588,Lorne Vanlint
270,4-21-2025,1,36,Preventive,70,13585,Vanna Van der Son
271,7-27-2025,4,44,Inspection,120,11120,Layla Siss
272,05-11-2025,1,7,Preventive,76,15424,Kathlin Balke
273,05-09-2025,1,12,Emergency,21,6045,Haslett Sedgman
274,1-29-2026,1,8,Inspection,116,18719,Ashby Coopey
275,4-13-2025,3,27,Corrective,47,17589,
276,11-18-2025,1,37,Inspection,27,13621,Tomlin Silliman
277,7-16-2025,6,32,Corrective,89,18213,Ashien Allum
278,7-30-2025,6,43,Inspection,85,7715,Barnaby Veck
279,06-11-2025,6,23,Corrective,117,2247,Stuart Pomphrett
280,10-21-2025,2,17,Emergency,38,7734,Jeniece Quinnette
281,3-27-2025,2,28,Preventive,21,2527,
282,03-07-2025,4,35,Inspection,89,14370,Barrie Dottridge
283,6-28-2025,4,37,Corrective,118,13566,Denny Lonie
284,06-08-2025,2,30,Preventive,55,12330,Tyne Stonham
285,06-10-2025,1,44,Inspection,22,16113,Sibby Harrinson
286,5-17-2025,4,7,Emergency,107,11760,Massimo Beevis
287,12-16-2025,1,1,Preventive,56,15571,Myriam Briers
288,1-17-2026,6,6,Inspection,47,5460,Aloysius Soeiro
289,1-14-2026,4,42,Corrective,20,2297,
290,11-09-2025,5,38,Emergency,33,4558,Maribeth Sorel
291,9-21-2025,6,17,Corrective,97,18200,Bronny Brabbs
292,9-21-2025,5,21,Inspection,76,3059,Theda Clist
293,7-27-2025,6,11,Corrective,101,4001,Heather Craufurd
294,12-27-2025,5,24,Preventive,57,4774,Tammie Simononsky
295,10-11-2025,2,38,Preventive,50,8280,Freddie Fuxman
296,07-12-2025,3,29,Inspection,60,4175,Sibel di Rocca
297,7-24-2025,6,41,Emergency,36,19865,Gabriela Ricarde
298,4-22-2025,1,39,Corrective,40,16319,Drucill Milroy
299,10-28-2025,1,28,Emergency,55,16797,Dilan Eaddy
300,10-13-2025,3,32,Preventive,107,17421,Godiva Huckerby
301,12-18-2025,6,35,Corrective,96,7705,Jenna Stancer
302,8-22-2025,4,39,Inspection,81,5025,
303,6-16-2025,2,5,Emergency,84,4672,Ivor O'Regan
304,7-19-2025,5,11,Preventive,108,14222,Lena Cliffe
305,12-08-2025,4,34,Inspection,25,4177,
306,8-22-2025,4,29,Emergency,109,19281,Almeda Trickey
307,1-14-2026,1,2,Preventive,108,16422,Addi Mawd
308,10-12-2025,5,9,Emergency,69,5983,Britta Reggler
309,11-12-2025,6,4,Inspection,112,3915,Edythe Jelley
310,11-29-2025,3,34,Inspection,98,18087,Darlleen Chichgar
311,06-03-2025,3,13,Corrective,56,12803,Cris Cathenod
312,02-04-2026,5,16,Preventive,29,5345,Erl Dusey
313,5-13-2025,4,2,Emergency,115,3634,Heida Buchanan
314,08-11-2025,1,27,Preventive,31,19442,Raina Cosins
315,04-09-2025,3,28,Emergency,71,18880,Agustin Gillanders
316,9-19-2025,4,27,Preventive,42,6083,Auroora Craddock
317,1-22-2026,3,23,Preventive,46,6643,Heidi Depka
318,10-14-2025,3,16,Inspection,30,6761,Kirby Jurkiewicz
319,1-16-2026,6,29,Emergency,69,19675,Leodora Clackers
320,6-29-2025,3,44,Corrective,35,4622,Gino Mattiassi
321,5-27-2025,3,2,Emergency,34,13259,Zsazsa Flaonier
322,5-19-2025,3,44,Emergency,111,14257,Dallis Christy
323,7-31-2025,1,23,Inspection,92,10700,Margareta Hayles
324,12-11-2025,4,8,Emergency,77,1988,Bogart Humbie
325,12-21-2025,2,13,Inspection,32,15892,Billy Basil
326,01-12-2026,3,13,Corrective,94,9469,Merrill Rotham
327,3-29-2025,4,34,Emergency,87,9392,Dolores Tomet
328,10-04-2025,3,24,Preventive,110,15859,Sherlock Joanaud
329,8-22-2025,2,17,Preventive,113,13233,Lissy Twaite
330,1-31-2026,4,12,Inspection,75,11815,Ermengarde Breming
331,08-04-2025,6,12,Preventive,25,17303,Brig Dyke
332,09-08-2025,3,15,Corrective,29,3196,Cyrille Tripe
333,11-21-2025,5,19,Inspection,68,14395,Barb Woffenden
334,2-21-2026,2,9,Emergency,102,13886,Ruthie Jeffcoat
335,6-26-2025,4,45,Corrective,67,5556,Trudie Gales
336,09-05-2025,6,17,Corrective,99,3005,Nowell Richens
337,11-18-2025,5,31,Corrective,53,17855,Rikki Schubert
338,8-13-2025,3,41,Emergency,108,2639,Karil Duker
339,6-30-2025,3,24,Inspection,105,3052,Gaven Sproat
340,06-12-2025,1,18,Preventive,70,7399,Mischa Schanke
341,3-23-2025,2,25,Corrective,38,18680,Vere Estabrook
342,01-05-2026,3,19,Emergency,44,11221,Prue Chesley
343,8-22-2025,4,37,Inspection,116,6063,Morly Varrow
344,1-21-2026,5,20,Emergency,90,8060,Ebba Loader
345,12-27-2025,6,2,Inspection,63,14515,Murial Franseco
346,1-27-2026,1,8,Preventive,22,13673,Fraser Refford
347,09-02-2025,2,39,Preventive,40,2536,Trescha Canellas
348,2-20-2026,4,22,Inspection,119,14516,Ive Prandin
349,4-14-2025,6,32,Preventive,90,3572,Griff Boys
350,3-18-2025,3,10,Preventive,52,15569,Caritta Patmore
351,3-27-2025,2,36,Emergency,36,16986,Walliw Pirot
352,11-14-2025,1,43,Preventive,94,5895,Byran Skaid
353,9-18-2025,1,23,Inspection,27,11313,Rafaellle Extil
354,09-12-2025,4,23,Emergency,73,5702,Joletta Veare
355,7-22-2025,5,16,Corrective,38,8468,Kellsie Dunk
356,6-20-2025,6,27,Preventive,36,15388,Gerry Gobbett
357,12-03-2025,4,38,Inspection,47,2818,Ros Teck
358,6-14-2025,3,6,Corrective,73,10698,
359,11-09-2025,1,10,Corrective,55,17201,Adel Huggard
360,9-24-2025,6,34,Inspection,31,5889,Douglas Perillo
361,05-09-2025,1,11,Preventive,62,12262,Cherianne Bilbrey
362,02-05-2026,4,17,Preventive,70,8516,Mona Dowse
363,4-21-2025,4,6,Corrective,99,17852,Linus Treamayne
364,4-15-2025,3,30,Preventive,92,18372,Kathie Ricker
365,6-14-2025,2,44,Emergency,54,16687,Karyn Whatson
366,01-04-2026,1,8,Emergency,45,13446,Terence de Leon
367,8-21-2025,3,14,Corrective,31,15954,Malchy Wingham
368,5-18-2025,3,20,Inspection,106,14504,Georgine Goldsby
369,7-15-2025,3,20,Emergency,61,3816,Dukey Coste
370,11-13-2025,6,5,Inspection,51,2308,Paxon Tomasoni
371,12-06-2025,4,42,Inspection,120,12676,Flinn Earnshaw
372,7-13-2025,4,4,Emergency,114,12109,Cass Shawley
373,4-25-2025,5,28,Preventive,105,4006,Dalis Perot
374,2-20-2026,5,23,Preventive,53,9765,Toiboid Rapkins
375,5-19-2025,6,45,Inspection,98,16662,Zorah Ruppel
376,01-08-2026,4,10,Corrective,61,12601,Ben Twist
377,6-19-2025,4,14,Corrective,26,17136,Meghann Killingworth
378,05-06-2025,4,23,Emergency,82,2575,Vickie Rockey
379,10-16-2025,2,33,Inspection,53,13603,Lorine Winear
380,9-29-2025,3,16,Emergency,66,5905,Olenka Skoyles
381,06-07-2025,5,42,Emergency,71,3872,Thornton Goddman
382,5-20-2025,5,22,Corrective,49,2964,Darrel Holttom
383,02-03-2026,1,10,Emergency,103,5341,Jozef Keating
384,7-31-2025,3,10,Corrective,99,16439,Lyell Ivers
385,3-18-2025,6,15,Preventive,85,13767,
386,11-24-2025,2,22,Preventive,90,2667,Kamilah Jeffcoat
387,4-22-2025,1,11,Emergency,101,9559,Kerr Pounder
388,7-17-2025,5,15,Emergency,75,5974,Kettie Timson
389,7-28-2025,3,12,Inspection,86,13860,Nicolai Crosscombe
390,4-25-2025,1,18,Inspection,91,5628,Granger Sayer
391,02-04-2026,4,36,Corrective,54,12167,
392,2-21-2026,4,15,Corrective,71,16107,Mariejeanne Duligal
393,12-01-2025,5,28,Inspection,83,18438,Marc Billborough
394,3-26-2025,5,32,Preventive,119,17723,Arielle McLeary
395,6-15-2025,5,37,Emergency,115,7451,Ingamar Langdon
396,7-31-2025,1,44,Corrective,38,2484,Stanislaus Stockoe
397,03-11-2025,1,45,Preventive,35,8779,Baird MacKintosh
398,7-24-2025,6,38,Preventive,62,4852,Gasparo Jillings
399,6-19-2025,2,21,Preventive,105,16614,Ragnar Warmisham
400,3-31-2025,4,33,Preventive,117,16322,Paten Blackmoor
401,11-06-2025,4,18,Preventive,30,8613,Erina Raittie
402,04-07-2025,5,29,Emergency,53,19502,Bertha MacGregor
403,06-09-2025,2,3,Inspection,20,14813,
404,06-06-2025,5,41,Corrective,82,12202,Una Collumbine
405,03-01-2025,3,15,Corrective,119,8128,Rosalia Wrought
406,5-25-2025,6,23,Emergency,31,4283,Raleigh Torri
407,4-28-2025,2,37,Corrective,68,11543,
408,06-07-2025,1,15,Preventive,91,9576,Madelon Piscot
409,05-08-2025,3,25,Corrective,104,10210,Dreddy Emeney
410,08-06-2025,5,28,Inspection,29,14734,Briny Johanning
411,9-23-2025,1,20,Preventive,43,16369,Elwood Howman
412,6-20-2025,5,10,Preventive,69,18941,Ketti Richmond
413,02-02-2026,4,30,Inspection,32,11155,Cammi Abotson
414,09-06-2025,6,32,Emergency,119,13896,Jabez Kleinmintz
415,12-27-2025,4,35,Emergency,32,14399,Loree Marsters
416,2-20-2026,6,4,Emergency,96,8289,Skipp Creaven
417,12-19-2025,6,37,Emergency,50,1801,Rodrick Cowdery
418,8-21-2025,1,24,Inspection,31,11642,Quentin Peirazzi
419,5-25-2025,2,31,Corrective,104,17424,Margette Willerson
420,04-03-2025,1,29,Preventive,59,3471,Matthiew Fearnall
421,05-01-2025,3,19,Inspection,31,15345,Doretta Medlen
422,1-23-2026,5,35,Emergency,22,11357,Carroll Dalley
423,07-09-2025,5,21,Preventive,52,2210,Aida Hitzke
424,4-21-2025,2,42,Preventive,87,7122,Mendie Aickin
425,6-22-2025,4,21,Inspection,104,15088,Nixie Ranger
426,10-30-2025,2,34,Preventive,90,6495,Rooney Gunthorpe
427,9-17-2025,6,16,Inspection,52,19381,Barnabas De La Coste
428,1-21-2026,6,34,Corrective,84,11003,Sanford Imesson
429,2-26-2025,2,43,Corrective,26,10993,Tara Sebrens
430,8-17-2025,3,31,Emergency,54,4899,Camile Nisen
431,6-14-2025,4,11,Preventive,20,13036,Coletta Cornwall
432,04-03-2025,2,39,Preventive,51,2140,Bud Klass
433,6-25-2025,4,11,Emergency,70,11604,Duffie Torrance
434,7-27-2025,1,44,Preventive,101,8436,Romonda Winterton
435,12-17-2025,4,7,Inspection,116,15033,Martica Rewcassell
436,8-24-2025,3,21,Inspection,102,10202,Kippy Phethean
437,09-08-2025,4,35,Inspection,85,8004,Coral Heifer
438,03-08-2025,5,32,Corrective,34,3468,Guillermo Allport
439,10-07-2025,6,12,Preventive,101,17695,Mace Leuchars
440,5-13-2025,3,20,Emergency,56,9001,Catriona Grinikhinov
441,4-24-2025,6,7,Corrective,51,6012,Marna Barber
442,6-21-2025,3,33,Corrective,98,9321,Budd MacComiskey
443,1-16-2026,1,22,Emergency,91,4306,Star Fetters
444,10-28-2025,4,2,Preventive,22,10586,Jerry Dominguez
445,09-05-2025,4,22,Preventive,94,14691,Robinet McKinstry
446,4-16-2025,6,23,Preventive,21,8916,Cary MacAnelley
447,08-04-2025,5,41,Emergency,37,17217,Lorianna Reek
448,07-12-2025,5,31,Emergency,97,8174,
449,12-26-2025,2,7,Preventive,114,9354,Clarita Marshalleck
450,06-12-2025,2,25,Inspection,112,2192,Jinny Zettler
451,04-05-2025,2,36,Corrective,43,8598,Maxim MacDonough
452,08-05-2025,2,28,Preventive,56,8127,Karalynn Lahive
453,7-16-2025,3,25,Emergency,54,15659,Trudy Wainman
454,11-21-2025,3,43,Inspection,64,6365,Rickie Vasilischev
455,04-08-2025,5,1,Corrective,69,1910,Henri Costley
456,08-03-2025,1,31,Emergency,41,5595,Salomon Catmull
457,11-20-2025,2,23,Emergency,50,18400,Rici Pedron
458,05-05-2025,1,11,Emergency,23,10120,Dori Deesly
459,07-07-2025,4,36,Inspection,102,7072,Corty Dragoe
460,4-21-2025,1,14,Inspection,49,5655,Garey Ginsie
461,9-17-2025,4,32,Emergency,48,15233,Nero Jandl
462,08-06-2025,1,2,Preventive,45,9693,Townsend Le Fevre
463,8-31-2025,6,13,Preventive,84,18263,Giffy Boreham
464,12-04-2025,6,33,Preventive,71,2021,Monroe Lohan
465,7-20-2025,6,8,Inspection,81,13455,Bertie Lamyman
466,10-07-2025,1,25,Inspection,27,4368,Susette Widdowes
467,1-13-2026,2,30,Emergency,104,7329,
468,10-09-2025,3,43,Corrective,117,19917,Kip Storms
469,07-04-2025,1,17,Inspection,105,12825,Emalia Graver
470,06-11-2025,5,24,Preventive,115,16591,Maybelle Campelli
471,09-12-2025,1,5,Preventive,37,18023,Barry Sterling
472,2-27-2025,6,30,Emergency,69,16683,Jake Attock
473,3-21-2025,1,10,Corrective,33,8692,
474,07-09-2025,6,13,Inspection,108,3840,Elna Ettridge
475,05-10-2025,5,40,Inspection,37,13364,Rollin Phillpotts
476,5-16-2025,5,15,Emergency,75,11871,Staffard Jayume
477,09-03-2025,1,44,Inspection,53,4072,Jessamyn Twine
478,11-17-2025,4,19,Emergency,66,18810,Karlis Corbishley
479,10-11-2025,3,42,Corrective,84,5409,Jarrid Van Der Hoog
480,7-14-2025,2,10,Preventive,86,19458,Neila Struys
481,01-08-2026,3,17,Corrective,37,11997,Curtice Megson
482,12-14-2025,6,20,Inspection,44,16455,Lewiss Feaviour
483,7-20-2025,1,32,Inspection,39,9189,Joanne Clulee
484,10-07-2025,2,17,Corrective,68,17679,Robinia McCann
485,2-15-2026,6,18,Preventive,54,8206,Lincoln Murch
486,6-24-2025,5,32,Emergency,115,10016,Idaline Ainsbury
487,01-06-2026,4,9,Preventive,20,13196,Renee Rieme
488,2-19-2026,4,43,Inspection,89,6459,Goldie Heales
489,05-11-2025,1,17,Emergency,54,15765,Frank Baptie
490,2-17-2026,6,16,Emergency,107,18948,Darryl Emberson
491,2-24-2025,2,26,Inspection,77,6460,Kalil Caesman
492,12-04-2025,3,27,Corrective,117,6567,Sauncho Frensch
493,09-12-2025,2,8,Emergency,67,3492,
494,10-18-2025,4,9,Corrective,83,18592,Joyann Winckle
495,12-19-2025,1,43,Emergency,86,4835,Tressa Zimek
496,1-17-2026,6,41,Inspection,47,19170,Reuven Hugli
497,06-05-2025,2,41,Preventive,52,10024,Robby Eastman
498,12-29-2025,3,45,Preventive,79,3497,Henrik Lipscomb
499,1-27-2026,2,3,Corrective,114,16103,Carter Holligan
500,2-17-2026,3,12,Corrective,118,4855,Nicholas Hadgkiss
501,07-10-2025,5,40,Inspection,52,19681,Maire Alan
502,11-06-2025,5,23,Emergency,52,11618,Bunnie Hullot
503,10-03-2025,5,30,Inspection,84,17034,Ella Harmstone
504,8-24-2025,6,7,Corrective,76,14848,Marven Ducket
505,04-07-2025,1,23,Corrective,66,3048,Gena Hollow
506,05-08-2025,5,22,Emergency,103,4080,Harmonia Downe
507,10-03-2025,1,8,Inspection,69,6073,Winifred Danielkiewicz
508,02-06-2026,4,1,Preventive,46,3646,Editha Tumilty
509,4-23-2025,1,26,Inspection,97,7313,Glendon Garbott
510,11-29-2025,6,45,Corrective,87,5456,Pepita Gant
511,7-18-2025,1,4,Inspection,78,11192,Ashlie Ronca
512,9-18-2025,6,33,Preventive,90,17785,Hildegarde Izakson
513,10-14-2025,3,43,Corrective,34,3829,Winona Heatley
514,3-23-2025,5,34,Corrective,84,19534,Quentin Bevan
515,11-21-2025,6,18,Corrective,93,17909,Alvis Heliet
516,01-12-2026,5,19,Corrective,98,4465,Alena Triggol
517,12-02-2025,2,28,Inspection,77,3939,Laurie Fransseni
518,04-08-2025,2,15,Inspection,43,2300,Ashly Godwyn
519,7-29-2025,4,5,Emergency,33,14062,Louie Ugoletti
520,8-21-2025,6,14,Emergency,96,4566,Karisa Venneur
521,07-04-2025,4,31,Inspection,120,7575,Zelig Domelow
522,11-15-2025,3,15,Preventive,70,16515,Kathryne Foord
523,05-07-2025,3,27,Preventive,103,12541,Nappy Piscotti
524,1-15-2026,1,9,Inspection,41,19785,
525,4-17-2025,5,6,Inspection,62,7766,Kitti Shireff
526,10-01-2025,4,31,Emergency,38,16116,Cindy Thompson
527,4-26-2025,3,22,Inspection,47,13407,Ophelie Giovannardi
528,3-18-2025,6,15,Emergency,48,15383,Shina Obal
529,6-19-2025,5,6,Inspection,78,6213,
530,6-27-2025,2,30,Corrective,66,13568,Paloma Borrett
531,11-05-2025,1,38,Corrective,78,16323,Igor Ladley
532,04-06-2025,4,21,Corrective,100,16464,Lindon Mundy
533,4-27-2025,4,31,Corrective,63,2018,Clementia Challen
534,09-12-2025,2,33,Inspection,44,3214,Burke O'Hara
535,04-05-2025,3,36,Inspection,55,16026,Elbertina Guirard
536,12-29-2025,2,34,Preventive,65,8313,Shelbi Purle
537,7-17-2025,4,19,Emergency,104,6005,Katheryn Agate
538,9-18-2025,2,16,Inspection,71,11058,Erl Andrini
539,2-15-2026,1,24,Inspection,42,11574,Alyson Gierek
540,04-09-2025,4,23,Preventive,86,14742,Damaris Ryburn
541,11-08-2025,1,27,Corrective,90,5235,Martino Colliford
542,6-27-2025,4,5,Preventive,120,19026,Allayne Smieton
543,5-25-2025,3,31,Inspection,94,7990,Thaddus McAster
544,4-29-2025,3,24,Corrective,120,14592,Keri Graddell
545,6-20-2025,1,29,Corrective,112,18649,Eloise Pinniger
546,4-27-2025,4,25,Inspection,110,15119,Olenka Jendricke
547,7-20-2025,1,13,Emergency,39,18878,Jerrold Apedaile
548,1-27-2026,6,18,Inspection,56,3954,Nettle Morfell
549,06-08-2025,5,25,Inspection,24,7800,
550,4-27-2025,6,9,Preventive,62,11989,Josselyn Ordidge
551,7-22-2025,1,21,Inspection,45,4818,
552,5-31-2025,4,31,Emergency,78,11096,Ulrich Smalls
553,7-25-2025,2,3,Corrective,114,11333,
554,03-11-2025,2,23,Inspection,104,1881,Modestine Veronique
555,7-30-2025,1,13,Corrective,110,11537,Moritz Jessep
556,9-18-2025,2,41,Inspection,116,15273,
557,07-04-2025,4,44,Preventive,110,6953,Dorian Duprey
558,3-22-2025,1,19,Inspection,22,19665,Cassius Salazar
559,5-13-2025,5,35,Corrective,97,8096,Evita Golledge
560,1-21-2026,1,13,Preventive,60,6516,Inge O'Shesnan
561,10-14-2025,6,6,Emergency,32,3382,Consolata Woof
562,2-26-2025,2,38,Inspection,85,19816,Wernher Pauwel
563,10-12-2025,4,3,Preventive,118,18000,
564,09-02-2025,6,29,Preventive,49,6765,Eadie Cazalet
565,6-22-2025,6,19,Corrective,36,2499,Sorcha Baldack
566,8-23-2025,5,3,Corrective,87,5193,Townsend Chasteney
567,12-31-2025,6,13,Inspection,98,12683,Kira Brett
568,12-08-2025,4,6,Emergency,20,12370,Riobard Adshede
569,06-03-2025,2,20,Preventive,44,12467,Giulio Drinkwater
570,7-16-2025,4,30,Preventive,40,9269,Brice Nealon
571,06-04-2025,5,45,Inspection,115,18256,Annie Sanbrook
572,11-20-2025,4,3,Preventive,50,10087,Mattie Resdale
573,1-17-2026,2,12,Inspection,97,18792,
574,11-18-2025,3,33,Inspection,79,10627,Johnathon Giannazzi
575,3-16-2025,4,2,Emergency,80,5047,Alfred Andrey
576,07-10-2025,3,9,Preventive,62,12520,Eamon Wittier
577,05-10-2025,3,37,Inspection,81,16329,Natalie Spiteri
578,10-24-2025,5,2,Corrective,115,17354,Ford Batey
579,1-17-2026,4,20,Inspection,96,10125,Alys Strothers
580,9-16-2025,1,43,Preventive,113,7841,Tristam Drogan
581,9-17-2025,3,25,Corrective,20,16057,Bell McKenney
582,06-02-2025,1,16,Corrective,75,3901,Ardene Kerwin
583,05-12-2025,5,42,Inspection,59,15613,Lane Lensch
584,4-25-2025,6,35,Inspection,20,10102,Colby Damp
585,3-28-2025,5,34,Corrective,61,9413,Shayna Baitey
586,01-12-2026,6,19,Corrective,97,4198,Chelsae Schuchmacher
587,1-17-2026,6,10,Emergency,67,3848,Dionne Putland
588,8-15-2025,4,27,Emergency,101,16253,Sayre Wybrew
589,11-21-2025,1,30,Emergency,86,8724,Lonnie Rickeard
590,3-27-2025,2,43,Preventive,112,14767,Bren McColl
591,11-05-2025,2,42,Corrective,57,2213,Ebenezer Attrill
592,05-04-2025,3,34,Inspection,99,14784,Brandtr Tethacot
593,6-24-2025,5,35,Emergency,52,17902,Libbie Bruggen
594,7-14-2025,3,29,Inspection,93,17520,Humfrid Casassa
595,6-27-2025,4,29,Preventive,62,1921,
596,10-13-2025,6,34,Emergency,103,16255,Josee Scogin
597,9-23-2025,6,6,Corrective,73,9909,
598,02-04-2026,2,3,Inspection,41,19639,Lukas Obee
599,6-15-2025,1,13,Emergency,37,8723,Blondelle Ather
600,09-08-2025,4,3,Preventive,93,15446,Giraud Rhubottom
601,2-15-2026,4,14,Inspection,27,14270,Tallou Rootes
602,10-28-2025,6,25,Inspection,96,9645,Kendra Pilcher
603,11-28-2025,4,39,Emergency,46,16770,Koren Jenteau
604,4-22-2025,4,6,Emergency,45,15775,Druci Isac
605,7-22-2025,5,33,Corrective,22,18567,Arlene Daouse
606,05-05-2025,6,38,Corrective,69,19197,Alva Fradson
607,09-01-2025,3,37,Emergency,64,1983,Demetra Culpen
608,04-01-2025,2,18,Emergency,37,18518,Gaylord Djokovic
609,08-02-2025,2,33,Inspection,115,12960,Malvina Rosewell
610,12-03-2025,6,16,Preventive,70,7009,Corrina O'Callaghan
611,1-27-2026,6,34,Preventive,50,5290,Iorgos Gayne
612,03-02-2025,1,35,Preventive,20,3105,Lotti Hannay
613,07-08-2025,4,11,Inspection,84,10390,Tobe de Almeida
614,02-10-2026,6,10,Preventive,114,10566,Adelle Barnardo
615,8-22-2025,1,45,Corrective,105,14325,Austen MacGuffog
616,6-20-2025,1,44,Preventive,117,5282,Nestor Gradley
617,4-22-2025,1,33,Corrective,37,5682,Joe Palomba
618,12-20-2025,4,21,Corrective,102,2452,Magdalene Littlemore
619,1-24-2026,4,20,Inspection,72,13559,Beryl Fortoun
620,3-18-2025,2,33,Corrective,43,10821,Mandie Rosenqvist
621,1-25-2026,4,13,Corrective,108,2105,Kaycee Lyons
622,10-27-2025,1,30,Corrective,69,11240,Sibel Olver
623,2-21-2026,2,33,Corrective,46,16805,Kirk Jurczak
624,09-04-2025,2,31,Preventive,21,15564,Jedidiah Defraine
625,7-15-2025,3,20,Corrective,110,5140,Mic Carden
626,1-20-2026,4,26,Preventive,92,8471,Pearle Tubbs
627,05-07-2025,6,7,Inspection,120,4918,Ninetta Esslemont
628,6-19-2025,4,35,Preventive,55,8291,Felipa Preddy
629,11-21-2025,4,12,Emergency,72,18543,Prentiss Sarginson
630,9-15-2025,1,4,Preventive,75,16791,Mercie Risborough
631,1-31-2026,1,33,Corrective,46,15583,Benjamen Durman
632,6-30-2025,6,45,Corrective,102,3896,Keelby Kennea
633,10-04-2025,1,18,Emergency,38,4745,Raven Gook
634,12-14-2025,6,30,Inspection,51,17955,Sarajane Strathern
635,10-21-2025,6,25,Inspection,110,10221,Elsy Benz
636,11-29-2025,5,42,Corrective,72,9742,Joelle Tesimon
637,10-23-2025,4,25,Corrective,23,16536,Alexandre Chalcroft
638,1-15-2026,5,40,Inspection,41,6880,Sallyanne Hurnell
639,1-18-2026,3,8,Emergency,119,8822,Emma Marlon
640,2-28-2025,3,11,Inspection,50,12789,Willdon Bolam
641,6-15-2025,3,12,Preventive,52,5790,Ximenez Haddinton
642,2-17-2026,4,33,Corrective,51,2184,Raymund Osorio
643,2-26-2025,5,26,Preventive,22,17628,Raff Middlewick
644,10-04-2025,2,44,Corrective,115,9497,
645,11-06-2025,5,45,Emergency,46,1750,Sandi Battleson
646,11-21-2025,5,38,Corrective,54,4087,Melodie Lidster
647,11-28-2025,4,17,Preventive,66,19755,
648,8-27-2025,3,19,Preventive,110,17426,Rudie Dewen
649,11-08-2025,4,17,Emergency,119,17033,Cedric Lamblin
650,1-28-2026,6,44,Emergency,100,3461,Kasey Tweedy
651,07-09-2025,3,31,Preventive,76,17764,Kipper Mauchlen
652,9-14-2025,6,10,Emergency,75,16356,Shir Wrettum
653,5-30-2025,3,36,Emergency,116,8042,
654,12-20-2025,2,2,Emergency,42,13318,Duffie Ickowics
655,03-02-2025,4,4,Emergency,34,11363,Lavinie Woolger
656,10-04-2025,3,2,Corrective,102,13754,Cindee Silcocks
657,06-09-2025,2,6,Corrective,120,13127,Letisha Danielczyk
658,09-03-2025,1,1,Inspection,117,12540,Adi Van den Bosch
659,12-15-2025,5,24,Inspection,103,1692,Aurelia Crowter
660,5-26-2025,2,31,Emergency,120,3567,
661,7-17-2025,3,24,Inspection,99,6752,Brander Knowlman
662,3-19-2025,5,22,Corrective,91,3260,Melli Kears
663,08-09-2025,5,31,Emergency,116,5181,Paola Limbourne
664,03-05-2025,6,23,Corrective,57,17061,Marci Wadie
665,4-26-2025,3,13,Inspection,32,11126,Benny McIlheran
666,4-20-2025,1,19,Emergency,39,5132,Kristan Mar
667,03-05-2025,1,39,Emergency,35,8710,Joellyn Seeking
668,08-01-2025,2,15,Preventive,119,13151,Garfield Lawie
669,9-15-2025,4,36,Inspection,33,8368,
670,5-28-2025,6,22,Inspection,25,11459,Sephira Ireland
671,10-12-2025,2,26,Corrective,60,2948,Arlette Bonham
672,1-19-2026,5,28,Corrective,58,12614,Vera Ragsdall
673,11-16-2025,5,31,Emergency,72,8111,Maryellen Borchardt
674,07-12-2025,1,10,Corrective,43,13768,Riccardo Pietrzyk
675,10-25-2025,5,10,Inspection,49,8802,Norine Cadogan
676,06-11-2025,5,32,Emergency,38,7227,Andros Tregea
677,12-10-2025,2,33,Preventive,112,8064,Issiah Jinkin
678,05-05-2025,1,12,Inspection,75,5893,Violet Orange
679,02-03-2026,4,19,Emergency,55,18255,Mata Fidoe
680,4-23-2025,2,27,Inspection,73,13965,Vern Binestead
681,04-09-2025,3,23,Inspection,22,7030,Sydney Jepps
682,01-03-2026,1,25,Inspection,93,9782,Teresita D'Adda
683,02-11-2026,2,32,Inspection,33,13695,Roberto Schimpke
684,5-31-2025,6,17,Inspection,41,11271,Chicky Humby
685,5-24-2025,6,40,Emergency,90,11419,Pollyanna Zoellner
686,9-19-2025,5,7,Corrective,44,11287,Tan Hucke
687,02-05-2026,3,4,Inspection,44,13203,Clarie Bubeer
688,03-03-2025,6,33,Inspection,74,13803,Daron O'Currine
689,07-09-2025,2,34,Emergency,72,3861,Hubie Asty
690,8-19-2025,5,16,Preventive,48,18326,Valaria Rounsefull
691,06-12-2025,6,27,Corrective,71,6491,Gale Camoys
692,08-02-2025,2,21,Inspection,22,16148,Ilise Cochet
693,10-30-2025,5,5,Corrective,96,3202,Shir Petri
694,06-10-2025,5,19,Emergency,99,3997,Dominga Eglese
695,1-14-2026,5,23,Corrective,36,5292,Ingeborg Megarrell
696,4-29-2025,3,32,Emergency,84,17430,Parker Pinnigar
697,05-08-2025,1,38,Emergency,39,13784,Ceil Valois
698,9-17-2025,2,1,Corrective,84,13834,Billy Sporrij
699,6-14-2025,6,10,Inspection,92,3108,
700,05-03-2025,3,38,Preventive,114,10928,Petra Cannon
701,03-01-2025,5,37,Inspection,103,2411,Rhoda Dach
702,11-04-2025,3,38,Preventive,75,5973,
703,11-14-2025,2,10,Inspection,30,9326,Frederica Bowler
704,12-06-2025,5,43,Emergency,119,14288,Joelie Milier
705,8-30-2025,2,23,Emergency,42,6113,Jocelin Pitchers
706,06-09-2025,1,32,Inspection,84,10876,Scarlett Hiddersley
707,05-03-2025,2,5,Inspection,75,13058,Juanita Apple
708,11-14-2025,1,25,Emergency,70,13975,Carmela Levecque
709,07-04-2025,5,5,Emergency,73,2419,Deana Semple
710,5-28-2025,5,15,Emergency,64,12601,Gaspar Leafe
711,06-11-2025,4,17,Preventive,34,1540,Gail Claisse
712,3-23-2025,4,28,Corrective,61,13432,Aloysia Swatten
713,7-27-2025,3,10,Emergency,43,18359,Pauli Filippov
714,08-06-2025,2,24,Inspection,109,4348,Ada Hanretty
715,01-10-2026,1,15,Preventive,67,15938,Dennet Pawden
716,05-11-2025,3,28,Preventive,120,14956,Tom Hamm
717,2-26-2025,4,11,Corrective,104,7086,
718,08-03-2025,2,10,Emergency,103,9048,Halette Addicote
719,09-08-2025,4,35,Emergency,61,10240,Nelle Boggs
720,8-22-2025,1,5,Inspection,55,5697,Shela Fogt
721,9-19-2025,3,43,Corrective,74,13365,Selena Chipchase
722,12-10-2025,5,22,Preventive,115,12696,Lara Kleinhaus
723,7-19-2025,6,31,Preventive,102,17645,Forrester Burkinshaw
724,01-10-2026,3,9,Preventive,88,8323,Tyrus Mc Caughan
725,01-05-2026,4,8,Emergency,54,9773,Neilla McMonies
726,8-17-2025,2,30,Preventive,73,17342,Norbert Culbert
727,6-28-2025,4,11,Inspection,27,3924,Sigismundo Rathke
728,4-25-2025,1,13,Corrective,32,6357,Shae Sokill
729,08-03-2025,2,41,Preventive,89,4886,Vince Posten
730,10-21-2025,2,33,Inspection,45,19284,Zackariah Mellonby
731,6-26-2025,3,3,Preventive,106,13275,Missie Pockey
732,3-24-2025,4,44,Corrective,54,2316,Corbin Blacktin
733,11-12-2025,4,16,Inspection,96,18530,Christoforo O'Hagan
734,03-09-2025,4,28,Corrective,95,2394,Ricky Maren
735,6-29-2025,2,18,Emergency,91,5644,
736,11-03-2025,6,5,Inspection,74,5745,Mag Stothard
737,02-10-2026,4,35,Preventive,99,19639,Jorgan Longmore
738,5-14-2025,4,45,Corrective,110,18876,Iona Cusiter
739,11-03-2025,5,6,Corrective,50,11494,Dov Klimmek
740,06-10-2025,2,36,Corrective,55,6752,Darby Bollon
741,10-12-2025,1,23,Corrective,37,2570,Isabeau Langhor
742,1-15-2026,3,42,Emergency,104,17359,Lucila Phelipeau
743,10-21-2025,2,11,Emergency,103,10840,Christophorus Robrow
744,1-26-2026,5,29,Emergency,37,16882,Bette Shuttell
745,06-02-2025,1,7,Corrective,97,7185,Malissia Severs
746,08-11-2025,3,37,Emergency,63,3927,Lamont Autrie
747,02-08-2026,2,2,Preventive,64,7519,Kamillah Heam
748,10-14-2025,3,36,Inspection,69,4703,Joby Davidde
749,04-04-2025,3,24,Inspection,47,3890,Tiffy Machin
750,11-05-2025,1,38,Emergency,29,15689,Kele Gooden
751,2-21-2026,2,31,Inspection,111,14942,Shae Beining
752,3-13-2025,6,30,Emergency,57,11782,Timmie Shane
753,06-06-2025,1,38,Inspection,112,17870,Patsy Streat
754,8-30-2025,3,29,Preventive,67,8086,Olive Fulep
755,12-21-2025,5,20,Corrective,34,13277,Denney Klarzynski
756,4-15-2025,1,24,Emergency,47,16368,Petronia Yorke
757,2-18-2026,2,39,Corrective,61,4218,Flinn Redihough
758,01-10-2026,6,40,Corrective,79,2740,Nanete Cackett
759,11-04-2025,2,15,Preventive,30,18245,Noami Fillan
760,10-30-2025,1,18,Preventive,41,19406,Vi Jepensen
761,07-11-2025,6,8,Inspection,60,4529,Mallory D'Adamo
762,2-22-2025,1,19,Preventive,106,5301,Ophelia Zelake
763,7-25-2025,2,23,Inspection,56,14454,Mohammed Ensley
764,07-04-2025,5,5,Corrective,39,8451,Tirrell Beet
765,3-20-2025,5,38,Inspection,112,9238,Wallace Diggins
766,01-11-2026,3,37,Preventive,51,14461,Ilse Clawe
767,6-23-2025,4,27,Corrective,64,18007,Conrado Layus
768,05-08-2025,3,36,Inspection,104,15252,Levey Hazelgrove
769,1-27-2026,6,26,Corrective,60,14217,Barrie Chadd
770,9-18-2025,1,43,Emergency,71,12187,Ranice Dreelan
771,12-21-2025,5,36,Inspection,95,17606,Gerald Rew
772,7-19-2025,3,21,Preventive,58,12609,Zack Rottcher
773,12-09-2025,4,18,Corrective,113,2787,Ruperto Hasloch
774,02-12-2026,3,27,Preventive,90,9478,Salomi Sturgis
775,02-11-2026,3,12,Preventive,26,4154,Alano Smalman
776,4-29-2025,1,6,Emergency,21,18221,Doretta Biaggi
777,02-05-2026,6,9,Emergency,87,16874,Adi Klementz
778,11-08-2025,3,33,Inspection,94,17541,Gasper Richfield
779,07-02-2025,6,21,Emergency,54,3471,Gaylene Abendroth
780,08-03-2025,3,6,Inspection,112,7378,Kimbell Gresswell
781,10-06-2025,6,14,Inspection,62,14258,Uri Book
782,02-05-2026,2,21,Corrective,57,12291,Patience Moggan
783,5-28-2025,1,36,Emergency,50,16492,Xylia Calderon
784,04-08-2025,1,44,Preventive,71,3629,Sharyl Marnane
785,5-20-2025,3,17,Emergency,62,12622,Marylynne Gossart
786,10-02-2025,6,42,Emergency,64,18718,Duff Algar
787,4-28-2025,4,14,Emergency,45,9421,Hurley Cellone
788,02-07-2026,3,35,Emergency,50,8726,Josepha Byre
789,9-13-2025,3,29,Inspection,54,19656,Prue Nickless
790,08-01-2025,1,31,Inspection,50,4546,Alina Tomasicchio
791,9-17-2025,2,29,Corrective,113,9084,Hort Maraga
792,11-14-2025,2,3,Inspection,57,9633,Rosa Ramsden
793,7-27-2025,4,31,Emergency,92,2976,Isac Limpenny
794,12-06-2025,6,42,Inspection,22,8453,Garrott Colton
795,1-17-2026,6,45,Preventive,46,15264,Crosby Booley
796,5-30-2025,3,36,Corrective,119,4619,Amble Donat
797,1-31-2026,5,15,Inspection,118,2362,Sheffie Inkpen
798,2-25-2025,1,28,Preventive,51,2126,Chrotoem Bruton
799,3-30-2025,5,43,Corrective,41,17270,Jocelyn Millery
800,6-29-2025,6,3,Inspection,25,11834,Sascha Hamber
801,09-10-2025,5,34,Corrective,103,9215,Filia Sturge
802,12-25-2025,5,28,Preventive,30,9234,Elizabet Kernocke
803,4-14-2025,4,23,Corrective,28,9818,
804,2-23-2025,5,34,Emergency,91,10475,Patty Thaxton
805,09-12-2025,2,33,Emergency,91,5083,Hartley Venables
806,4-23-2025,1,40,Corrective,96,15857,Shirleen Turbat
807,03-07-2025,3,8,Corrective,72,7108,Osbourn Valero
808,03-11-2025,2,25,Inspection,69,5866,Aluino Stogill
809,12-23-2025,4,27,Emergency,91,2630,
810,4-20-2025,4,37,Emergency,75,2682,Artair Courtes
811,07-01-2025,4,43,Emergency,70,7736,Perry McBayne
812,07-09-2025,5,44,Emergency,52,3921,Ashley Budding
813,12-16-2025,5,10,Emergency,28,11810,Myrlene Heber
814,08-06-2025,3,14,Inspection,45,18457,Jessika Shaul
815,4-18-2025,3,9,Emergency,93,6000,Filip Jayne
816,1-19-2026,1,42,Emergency,23,9835,Melba Spadari
817,12-07-2025,5,38,Inspection,24,17108,Ivonne Masden
818,9-27-2025,2,19,Emergency,102,18713,Jacobo Pullen
819,1-20-2026,4,30,Inspection,64,15554,Erina Laugheran
820,3-24-2025,5,27,Preventive,91,10097,Larissa Moxson
821,2-23-2025,4,37,Emergency,83,13997,Kingsley Mathiot
822,3-16-2025,4,8,Corrective,73,16502,Rubina Sam
823,04-05-2025,2,39,Inspection,104,15739,Shelden Runnicles
824,3-30-2025,3,2,Corrective,94,16223,Levy Deschelle
825,7-20-2025,4,5,Corrective,98,12582,Bonni Stoll
826,05-01-2025,5,22,Corrective,53,9249,Lorrin Jentgens
827,05-08-2025,6,33,Inspection,44,14684,Cele Thombleson
828,6-22-2025,1,19,Inspection,65,8376,Barty Cassin
829,1-22-2026,5,41,Corrective,31,13444,Sarina Scotti
830,4-26-2025,3,42,Corrective,101,3047,Brana Dufaur
831,04-05-2025,1,44,Preventive,46,5742,Freddie Dossett
832,11-21-2025,6,14,Emergency,88,2840,Benson Riditch
833,09-10-2025,1,16,Emergency,120,13664,Anette Blaxter
834,06-04-2025,6,33,Preventive,27,2820,Crichton Clavey
835,3-31-2025,5,37,Corrective,44,18183,Ulrick Szymaniak
836,1-24-2026,3,6,Preventive,70,9811,Cthrine Werny
837,07-06-2025,5,35,Emergency,84,4992,Mabelle Duly
838,12-03-2025,3,30,Preventive,102,3173,Neilla Champness
839,01-05-2026,6,36,Inspection,31,11814,Vilhelmina Hanmore
840,8-18-2025,2,30,Emergency,48,11403,Ed Weldon
841,1-20-2026,3,28,Emergency,39,14723,Emmalee Salerg
842,7-20-2025,5,30,Inspection,62,12739,Gerard Osban
843,9-28-2025,6,8,Corrective,110,5199,Miguel Alston
844,10-09-2025,4,3,Inspection,36,9876,Beatrix Heinl
845,9-29-2025,6,32,Preventive,85,18280,Benedetta Comazzo
846,6-30-2025,2,19,Emergency,89,2614,Otto De Vere
847,6-19-2025,6,16,Emergency,41,16554,Erinn Yeowell
848,6-30-2025,1,26,Inspection,96,17177,Mariam Hardesty
849,09-07-2025,5,17,Inspection,82,10237,Keven Seide
850,2-23-2025,3,41,Preventive,111,16220,Goraud Dunkley
851,11-24-2025,6,17,Inspection,88,6631,Dorella Thom
852,1-17-2026,6,11,Preventive,100,14542,Ignatius McElrea
853,06-05-2025,3,31,Inspection,71,16245,Salvidor Gosling
854,7-14-2025,3,39,Emergency,116,17082,Elden Skully
855,11-08-2025,3,42,Corrective,66,14078,Brooke Snepp
856,8-18-2025,5,9,Preventive,105,2292,Ramsay Lapides
857,05-03-2025,3,22,Preventive,47,16756,Anya Chaucer
858,7-14-2025,2,27,Inspection,116,18423,Norah Orvis
859,03-11-2025,3,5,Emergency,92,13294,Eustace Mottley
860,5-19-2025,1,45,Emergency,56,6969,Alfred Gosker
861,11-23-2025,4,26,Emergency,108,3560,Wheeler Choppen
862,03-01-2025,5,25,Corrective,46,15415,Jamill O'Drought
863,05-05-2025,6,24,Inspection,54,19675,Hermia Treker
864,1-28-2026,1,14,Emergency,29,2068,Dulcea Whisson
865,6-29-2025,3,22,Corrective,39,11223,Ike Tenney
866,08-06-2025,2,10,Corrective,75,7479,Ferdy Belison
867,5-26-2025,5,27,Preventive,23,15762,Wilfrid Sandom
868,03-06-2025,6,17,Preventive,107,13982,Chrisse Manshaw
869,11-12-2025,6,39,Inspection,61,10469,Euphemia Drivers
870,7-25-2025,6,9,Corrective,96,10687,Mack Sidnell
871,06-05-2025,6,2,Emergency,65,2243,Con Lazenbury
872,06-09-2025,3,11,Preventive,94,8859,Carlynn MacGruer
873,4-20-2025,1,19,Preventive,70,6777,Tim Yard
874,03-11-2025,6,11,Emergency,118,16140,Nelia Glasard
875,5-13-2025,2,28,Emergency,95,19438,Vivyanne Panchin
876,12-27-2025,2,29,Corrective,88,17649,Ruperta Paten
877,10-16-2025,5,17,Inspection,27,8835,Corby Gadney
878,10-24-2025,5,31,Inspection,92,3641,Wallas Klimas
879,2-18-2026,3,1,Inspection,112,7889,Arnoldo Cavanagh
880,01-12-2026,6,30,Preventive,67,10092,Ginger Grono
881,10-08-2025,2,32,Corrective,114,12799,Myca Beresford
882,2-20-2026,2,31,Corrective,24,16509,Jeniece Baldung
883,11-14-2025,6,27,Inspection,47,19125,Bernice Sinncock
884,11-02-2025,3,18,Emergency,114,7397,Sherry Cyseley
885,11-24-2025,5,10,Inspection,35,18476,
886,10-25-2025,1,23,Emergency,78,16876,Beverie Verrills
887,11-10-2025,6,45,Inspection,88,17583,Kissiah Thridgould
888,01-03-2026,3,3,Corrective,84,14320,Cordy Hellings
889,12-01-2025,5,6,Emergency,109,4475,Shauna Yurchishin
890,11-25-2025,6,45,Emergency,41,7005,Dani Tissington
891,4-21-2025,3,20,Preventive,83,10447,Pasquale Blodgett
892,01-11-2026,4,20,Inspection,64,3690,Sergio Jecks
893,12-08-2025,3,14,Inspection,43,11976,Shellysheldon Coskerry
894,03-03-2025,6,44,Emergency,99,12351,Roana Dewett
895,2-25-2025,3,18,Corrective,62,7264,Augustina Masurel
896,4-20-2025,3,12,Inspection,59,9503,Osbourn Andrews
897,11-15-2025,3,5,Inspection,45,11761,Gusti Suero
898,1-16-2026,6,36,Corrective,84,6465,Brigid Houndesome
899,12-11-2025,1,36,Inspection,91,10540,Jean Offener
900,5-18-2025,2,23,Preventive,59,19397,Paolina Woloschinski
901,12-03-2025,1,2,Inspection,27,15518,Bekki Spollen
902,12-09-2025,3,33,Emergency,82,12128,Brina Idwal Evans
903,05-01-2025,5,45,Corrective,31,3415,Xymenes Yellep
904,07-01-2025,6,37,Corrective,102,18902,Marj Hedney
905,9-14-2025,1,22,Preventive,55,2164,Ruby Colston
906,6-15-2025,3,19,Corrective,87,14174,Gregory Hum
907,05-04-2025,1,10,Preventive,27,19328,Townsend Lethbrig
908,7-22-2025,4,45,Corrective,84,18289,Ediva Barrell
909,02-12-2026,3,32,Emergency,118,1873,Claudio Derrick
910,3-15-2025,2,29,Emergency,77,16824,Melodie Dibling
911,1-24-2026,2,33,Emergency,22,7389,Janice Milington
912,2-18-2026,1,7,Emergency,104,11678,Lesya Lattie
913,1-26-2026,3,4,Preventive,38,13617,Geneva Lillo
914,11-23-2025,5,18,Inspection,94,19762,Kenny Shurmore
915,12-16-2025,1,7,Corrective,60,17008,Ulric Reichert
916,11-21-2025,3,32,Corrective,84,10919,Benn Gerrill
917,07-09-2025,3,4,Corrective,57,11238,Colleen Bool
918,4-26-2025,6,9,Inspection,94,2153,Jaimie Blore
919,7-23-2025,2,20,Corrective,118,19341,Anderson Tabb
920,3-13-2025,6,8,Corrective,72,5827,Perri McNulty
921,06-10-2025,2,2,Emergency,65,17468,Noll McRill
922,02-11-2026,5,24,Corrective,114,1506,Glennis Shelly
923,07-10-2025,6,23,Emergency,95,3414,Cointon Chestnut
924,02-06-2026,6,38,Preventive,52,11411,Elsworth Valentine
925,07-08-2025,3,8,Emergency,97,18231,Ivar Indge
926,3-16-2025,5,40,Preventive,118,2081,Saba Vedeshkin
927,12-09-2025,3,4,Corrective,87,14315,Mohandis Petigrew
928,01-03-2026,6,41,Emergency,98,11431,Pierre Bailiss
929,01-07-2026,2,19,Corrective,98,8198,Norby Rathe
930,1-15-2026,5,34,Corrective,115,12390,Kaylil Pinkie
931,1-21-2026,4,33,Preventive,76,8661,Myca Seacroft
932,8-27-2025,5,34,Emergency,67,19879,Aurore Huffa
933,5-28-2025,4,19,Inspection,42,13648,Fredelia Barstock
934,5-31-2025,3,42,Corrective,115,14099,Leshia Hannaby
935,6-16-2025,4,25,Emergency,64,15320,Marilee Playfoot
936,7-18-2025,2,29,Emergency,86,16001,Emmerich Brunetti
937,9-14-2025,6,18,Inspection,119,7727,Ulla Picopp
938,10-27-2025,1,15,Emergency,90,8598,Jackquelin Towers
939,01-01-2026,5,3,Corrective,93,3634,Jasmina Lamlin
940,8-30-2025,6,1,Preventive,62,10563,Florida Grendon
941,12-25-2025,6,22,Preventive,59,5791,Ameline Richarson
942,10-22-2025,4,28,Preventive,91,12923,Evered Hanrahan
943,3-31-2025,5,37,Emergency,41,13081,Drugi Southcomb
944,05-06-2025,3,44,Preventive,58,6560,Hobard Yurkiewicz
945,9-24-2025,6,34,Preventive,81,6679,Francisco Lote
946,06-11-2025,4,34,Emergency,77,5514,Selinda Rydzynski
947,03-06-2025,6,23,Emergency,60,4739,Calvin Swatheridge
948,11-20-2025,4,28,Preventive,40,9975,Shepperd Leveritt
949,10-07-2025,1,42,Emergency,25,8199,Khalil Ing
950,5-16-2025,2,12,Inspection,24,17793,Karyl McNeachtain
951,6-16-2025,1,26,Preventive,95,11632,
952,6-22-2025,6,19,Inspection,40,15497,Jarid Eastway
953,12-19-2025,6,28,Inspection,84,1500,Fairleigh Bladesmith
954,07-12-2025,3,14,Inspection,64,6228,Christian Norker
955,5-24-2025,6,25,Preventive,117,19827,Sile Piscopello
956,12-27-2025,4,17,Inspection,38,2858,Amii Chamberlayne
957,5-31-2025,4,30,Corrective,63,6238,Dionne Fley
958,03-06-2025,5,6,Preventive,21,18331,Jennette Chidwick
959,10-03-2025,2,7,Preventive,82,11303,Jo-ann Pollicote
960,07-01-2025,1,26,Preventive,86,14921,
961,09-11-2025,3,33,Inspection,39,17991,Dean Doey
962,2-25-2025,2,41,Corrective,100,17495,Danie Worg
963,5-15-2025,5,16,Preventive,100,18536,Wendy Bulluck
964,1-15-2026,4,2,Inspection,62,9994,Gilly Langsbury
965,10-15-2025,2,14,Preventive,89,10069,Gavrielle D'eathe
966,4-28-2025,4,14,Inspection,100,19013,Vivi Tasseler
967,01-11-2026,5,19,Corrective,58,11286,Drud Iacomini
968,5-16-2025,2,29,Corrective,37,11983,Lothaire Waitland
969,02-10-2026,2,25,Emergency,34,15989,Cort Assiter
970,03-03-2025,4,23,Corrective,42,3976,Boycie Faill
971,2-25-2025,6,31,Corrective,102,8795,Norry Dobbings
972,3-30-2025,3,38,Corrective,30,19788,Liana Bradburne
973,08-12-2025,4,37,Inspection,54,13270,
974,11-19-2025,1,42,Corrective,51,17617,Olag Horsefield
975,12-25-2025,4,41,Inspection,101,5278,Petra Howton
976,10-06-2025,3,39,Inspection,66,11858,Palm Booler
977,6-14-2025,6,27,Emergency,45,19706,Fawn Teissier
978,11-14-2025,6,12,Corrective,55,16773,Olivier Jervois
979,5-23-2025,6,19,Preventive,57,18651,Vilma Nevett
980,10-14-2025,1,33,Preventive,61,14989,Shalna Lesek
981,1-14-2026,5,37,Preventive,97,8879,Othilie Streater
982,3-22-2025,3,8,Corrective,98,1902,Maribeth Penniall
983,10-24-2025,5,34,Inspection,52,13702,Andie McCarrison
984,10-29-2025,5,34,Corrective,30,6362,Norean Chadd
985,9-23-2025,4,37,Inspection,85,12951,Bettye Houlden
986,12-18-2025,2,20,Corrective,59,18761,Piotr Marchment
987,03-02-2025,3,23,Corrective,55,17340,Danell Wilacot
988,7-26-2025,5,16,Emergency,92,14983,Finley Corrin
989,01-01-2026,2,4,Emergency,21,3463,Gregoire Ruckhard
990,1-21-2026,6,29,Emergency,52,15690,Nils Gockeler
991,12-16-2025,5,39,Inspection,75,10668,Annissa Liversage
992,1-22-2026,1,19,Emergency,29,5777,Filmer McCann
993,11-22-2025,5,13,Preventive,35,10989,Auroora Welburn
994,08-10-2025,2,42,Inspection,93,11916,Carrol Holdforth
995,6-24-2025,3,42,Corrective,102,9827,Matilde Lobell
996,3-21-2025,4,20,Corrective,91,19443,Frayda Lozano
997,6-26-2025,6,16,Preventive,76,2652,Cathee Brokenshire
998,8-20-2025,2,38,Inspection,28,10191,Wilt Goulden
999,9-28-2025,1,28,Corrective,115,5270,Teodor Ryle
